b0,door1,door3,,,,,,,,,,,,,,,,,,,,,,,,,,,,,,,,,,,,,,,,,,,,,,,,,,,,,,,,,,,,,,,,,,,,,,,,,,,,,,,,,,,,,,,,,,,,,,,,,
b1,door0,door1,door7,door10,,,,,,,,,,,,,,,,,,,,,,,,,,,,,,,,,,,,,,,,,,,,,,,,,,,,,,,,,,,,,,,,,,,,,,,,,,,,,,,,,,,,,,,,,,,,,,,
b2,door0,door1,door2,door9,door10,,,,,,,,,,,,,,,,,,,,,,,,,,,,,,,,,,,,,,,,,,,,,,,,,,,,,,,,,,,,,,,,,,,,,,,,,,,,,,,,,,,,,,,,,,,,,,
b3,door4,door8,,,,,,,,,,,,,,,,,,,,,,,,,,,,,,,,,,,,,,,,,,,,,,,,,,,,,,,,,,,,,,,,,,,,,,,,,,,,,,,,,,,,,,,,,,,,,,,,,
b6,door5,,,,,,,,,,,,,,,,,,,,,,,,,,,,,,,,,,,,,,,,,,,,,,,,,,,,,,,,,,,,,,,,,,,,,,,,,,,,,,,,,,,,,,,,,,,,,,,,,,
b9,door0,door6,,,,,,,,,,,,,,,,,,,,,,,,,,,,,,,,,,,,,,,,,,,,,,,,,,,,,,,,,,,,,,,,,,,,,,,,,,,,,,,,,,,,,,,,,,,,,,,,,
|f,f,f,f,f,f,f,f,f,f,f,f,f,f,f,f,f,f,f,f,f,f,f,f,f,f,f,f,f,f,f,f,f,f,f,f,f,f,f,f,f,f,f,f,f,f,f,f,f,f,f,f,f,f,f,f,f,f,f,f,f,f,f,f,f,f,f,f,f,f,f,f,f,f,f,f,f,f,f,f,f,f,f,f,f,f,f,f,f,f,f,f,f,f,f,f,f,f,f,f
f,f,f,f,f,f,f,f,f,f,f,f,f,f,f,f,f,f,f,f,f,f,f,f,f,f,f,f,f,f,f,f,f,f,f,f,f,f,f,f,f,f,f,f,f,f,f,f,f,f,f,f,f,f,f,f,f,f,f,f,f,f,f,f,f,f,f,f,f,f,f,f,f,f,f,f,f,f,f,f,f,f,f,f,f,f,f,f,f,f,f,f,f,f,f,f,f,f,f,f
f,f,f,f,f,f,f,f,f,f,f,f,f,f,f,f,f,f,f,f,f,f,f,f,f,f,f,f,f,f,f,f,f,f,f,f,f,f,f,f,f,f,f,f,f,f,f,f,f,f,f,f,f,f,f,f,f,f,f,f,f,f,f,f,f,f,f,f,f,f,f,f,f,f,f,f,f,f,f,f,f,f,f,f,f,f,f,f,f,f,f,f,f,f,f,f,f,f,f,f
f,f,f,f,f,f,f,f,f,f,f,f,f,f,f,f,f,f,f,f,f,f,f,f,f,f,f,f,f,f,f,f,f,f,f,f,f,f,f,f,f,f,f,w,w,w,w,w,w,w,w,w,w,w,w,w,w,w,w,w,w,w,w,w,w,w,w,f,f,f,f,f,f,f,f,f,f,f,f,f,f,f,f,f,f,f,f,f,f,f,f,f,f,f,f,f,f,f,f,f
f,f,f,f,f,f,f,f,f,f,f,f,f,f,f,f,f,f,f,f,f,f,f,f,f,f,f,f,f,f,f,f,f,f,f,f,f,f,f,f,f,f,f,w,f,f,f,f:dhf,f:dhf,f:dhf,f,f,f,f,f,f,f,f,f,f,f,f,f,f,f,f,w,f,f,f,f,f,f,f,f,f,f,f,f,f,f,f,f,f,f,f,f,f,f,f,f,f,f,f,f,f,f,f,f,f
f,f,f,f,f,f,f,f,f,f,f,f,f,f,f,f,f,f,f,f,f,f,f,f,f,f,f,f,f,f,f,f,f,f,f,f,f,f,f,f,f,f,f,w,f,f,f,f:dhf,f:dhf,f:dhf,f,f,f,f,f,f,f,f,f,f,f,f,f,f,f,f,w,f,f,f,f,f,f,f,f,f,f,f,f,f,f,f,f,f,f,f,f,f,f,f,f,f,f,f,f,f,f,f,f,f
f,f,f,f,f,f,f,f,f,f,f,f,f,f,f,f,f,f,f,f,f,f,f,f,f,f,f,f,f,f,f,f,f,f,f,f,f,f,f,f,f,f,f,w,f:dhf,f:dhf,w,w,w,w,w,w,w,w,w,w,w,w,w,w,w,w,w,w,f,f,w,f,f,f,f,f,f,f,f,f,f,f,f,f,f,f,f,f,f,f,f,f,f,f,f,f,f,f,f,f,f,f,f,f
f,f,f,f,f,f,f,f,f,f,f,f,f,f,f,f,f,f,f,f,f,f,f,f,f,f,f,f,f,f,f,f,f,f,f,f,f,f,f,f,f,f,f,w,f:dhf,f:dhf,w,f,f,f,f,f,f,f,f,f,f,f,f,f,f,f,f,w,f,f,w,f,f,f,f,f,f,f,f,f,f,f,f,f,f,f,f,f,f,f,f,f,f,f,f,f,f,f,f,f,f,f,f,f
f,f,f,f,f,f,f,f,f,f,f,f,f,f,f,f,f,f,f,f,f,f,f,f,f,f,f,f,f,f,f,f,f,f,f,f,f,f,f,f,f,f,f,w,f:dhf,w,w,f,f,f,f,f,f,f,f,f,f,f,f,f,f,f,f,w,f,f,w,f,f,f,f,f,f,f,f,f,f,f,f,f,f,f,f,f,f,f,f,f,f,f,f,f,f,f,f,f,f,f,f,f
f,f,f,f,f,f,f,f,f,f,f,f,f,f,f,f,f,f,f,f,f,f,f,f,f,f,f,f,f,f,f,f,f,f,f,f,f,f,f,f,f,f,f,w,f:d>n^door4,w,w,f,f,f,f,f,f,f,f,f,f,f,f,f,f,f,f,w,f,f,w,f,f,f,f,f,f,f,f,f,f,f,f,f,f,f,f,f,f,f,f,f,f,f,f,f,f,f,f,f,f,f,f,f
f,f,f,f,f,f,f,f,f,f,f,f,f,f,f,f,f,f,f,f,f,f,f,f,f,f,f,f,f,f,f,f,f,f,f,f,f,f,f,f,w,w,w,w,f,f,w,w,w,w,f,f,f,f,f,f,f,f,f,f,f,f,f,w,f,f,w,f,f,f,f,f,f,f,f,f,f,f,f,f,f,f,f,f,f,f,f,f,f,f,f,f,f,f,f,f,f,f,f,f
f,f,f,f,f,f,f,f,f,f,f,f,f,f,f,f,f,f,f,f,f,f,f,f,f,f,f,f,f,f,f,f,f,f,f,f,f,f,f,f,w,f,f,f,f,f,f,f,f:b^b8,w,f,f,f,f,f,f,f,f,f,f,f,f,f,w,f,f,w,f,f,f,f,f,f,f,f,f,f,f,f,f,f,f,f,f,f,f,f,f,f,f,f,f,f,f,f,f,f,f,f,f
f,f,f,f,f,f,f,f,f,f,f,f,f,f,f,f,f,f,f,f,f,f,f,f,f,f,f,f,f,f,f,f,f,f,f,f,f,f,f,f,w,f,f,f,f,f,f,f,f,w,f,f,f,f,f,f,f,f,f,f,f,f,f,w,f,f,w,f,f,f,f,f,f,f,f,f,f,f,f,f,f,f,f,f,f,f,f,f,f,f,f,f,f,f,f,f,f,f,f,f
f,f,f,f,f,f,f,f,f,f,f,f,f,f,f,f,f,f,f,f,f,f,f,f,f,f,f,f,f,f,f,f,f,f,f,f,f,f,f,f,w,f,f,f,f,f,f,f,f,w,w,w,w,w,w,w,w,f,f,f,f,f,f,w,f,f,w,w,w,w,w,w,w,w,w,w,w,f,f,f,f,f,f,f,f,f,f,f,f,f,f,f,f,f,f,f,f,f,f,f
f,f,f,f,f,f,f,f,f,f,f,f,f,f,f,f,f,f,f,f,f,f,f,f,f,f,f,f,f,f,f,f,f,f,f,f,f,f,f,f,w,f,f,f,f,f,f,f,f,f,f:d>w^door5,f,f,f,f,f,w,f,f,f,f,f,f,w,f,f,f,f,f,f,f,f,f,f,f,f,w,f,f,f,f,f,f,f,f,f,f,f,f,f,f,f,f,f,f,f,f,f,f,f
f,f,f,f,f,f,f,f,f,f,f,f,f,f,f,f,f,f,f,f,f,f,f,f,f,f,f,f,f,f,f,f,f,f,f,f,f,f,f,f,w,f,f,f,f,f,f,f,f,f,w,w,f:dhf,f,f,f,w,f,f,f,f,f,f,w,f,f,f,f,f,f,f,f,f,f,f,f,w,f,f,f,f,f,f,f,f,f,f,f,f,f,f,f,f,f,f,f,f,f,f,f
f,f,f,f,f,f,f,f,f,f,f,f,f,f,f,f,f,f,f,f,f,f,f,f,f,f,f,f,f,f,f,f,f,f,f,f,f,f,f,f,w,f,f,f,f,f,f,f,f,w,w,w,w,w,f,f,w,f,f,f,f,f,f,w,w,w,w,w,w,w,w,w,w,w,f,f,w,f,f,f,f,f,f,f,f,f,f,f,f,f,f,f,f,f,f,f,f,f,f,f
f,f,f,f,f,f,f,f,f,f,f,f,f,f,f,f,f,f,f,f,f,f,f,f,f,f,f,f,f,f,f,f,f,f,f,f,f,f,f,f,w,f,f,f,f,f,f,f,f:g^gf0,w,f,f,f,w,f,f,w,f,f,f,f,f,f,f,f,f,f,f,f,f,f,f,f,w,f,f,w,f,f,f,f,f,f,f,f,f,f,f,f,f,f,f,f,f,f,f,f,f,f,f
f,f,f,f,f,f,f,f,f,f,f,f,f,f,f,f,f,f,f,f,f,f,f,f,f,f,f,f,f,f,f,f,f,f,f,f,f,f,f,f,w,f,f,f,f,f,f,f,f,w,f,f,f,w,f,f,w,f,f,f,f,f,f,f,f,f,f,f,f,f,f,f,f,w,f,f,w,f,f,f,f,f,f,f,f,f,f,f,f,f,f,f,f,f,f,f,f,f,f,f
f,f,f,f,f,f,f,f,f,f,f,f,f,f,f,f,f,f,f,f,f,f,f,f,f,f,f,f,f,f,f,f,f,f,f,f,f,f,f,f,w,w,w,w,f,f,w,w,w,w,f,f,f,w,f,f,w,f,f,f,f,f,f,f,f,f,f,f,f,f,f,f,f,w,f,f,w,f,f,f,f,f,f,f,f,f,f,f,f,f,f,f,f,f,f,f,f,f,f,f
f,f,f,f,f,f,f,f,f,f,f,f,f,f,f,f,f,f,f,f,f,f,f,f,f,f,f,f,f,f,f,f,f,f,f,f,f,f,f,f,f,f,f,w,f,f,w,f,f,f,f,f,f,w,f,f,w,f,f,f,f,f,f,f,f,f,f,f,f,f,f,f,f,w,f,f,w,f,f,f,f,f,f,f,f,f,f,f,f,f,f,f,f,f,f,f,f,f,f,f
f,f,f,f,f,f,f,f,f,f,f,f,f,f,f,f,f,f,f,f,f,f,f,f,f,f,f,f,f,f,f,f,f,f,f,f,f,f,f,f,f,f,f,w,f,f,w,f,f,f,f,f,f,w,f,f,w,f,f,f,f,f,f,f,f,f,f,f,f,f,f,f,f,w,f,f,w,f,f,f,f,f,f,f,f,f,f,f,f,f,f,f,f,f,f,f,f,f,f,f
f,f,f,f,f,f,f,f,f,f,f,f,f,f,f,f,f,f,f,f,f,f,f,f,f,f,f,f,f,f,f,f,f,f,f,f,f,f,f,f,f,f,f,w,f,f,w,f,f,f,f,f,f,w,f,f:dhf,w,f,f,f,f,f,f,f,f,f,f,f,f,f,f,f,f,w,f,f,w,f,f,f,f,f,f,f,f,f,f,f,f,f,f,f,f,f,f,f,f,f,f,f
f,f,f,f,f,f,f,f,f,f,f,f,f,f,f,f,f,f,f,f,f,f,f,f,f,f,f,f,f,f,f,f,f,f,f,f,f,f,f,f,f,f,f,w,f,f,w,f,f,f,f,f,f,w,f,f:dhf,w,w,w,w,w,w,w,w,w,w,w,f,f,f,f,f,f,w,f,f,w,w,w,w,w,w,w,w,w,w,w,w,w,w,w,w,w,w,w,w,w,f,f,f
f,f,f,f,f,f,f,f,f,f,f,f,f,f,f,f,f,f,f,f,f,f,f,f,f,f,f,f,f,f,f,f,f,f,f,f,f,f,f,f,f,f,f,w,f,f,w,f,f,f,f,f,f,w,f,f,f,f,f,f,f,f,f,f,f,f,w,f,f,f,f,f,f,w,f,f,f,f,f,f,f,f,f,f,f,f,f,f,f,f,f,f,f,f,f,f,w,f,f,f
f,f,f,f,f,f,f,f,f,f,f,f,f,f,f,f,f,f,f,f,f,f,f,f,f,f,f,f,f,f,f,f,f,f,f,f,f,f,f,f,f,f,f,w,f,f,w,f,f,f,f,f,f,w,f,f,f,f,f,f,f,f,f,f,f,f,w,f,f,f,f,f,f,w,f,f,f,f,f,f,f,f,f,f,f,f,f,f,f,f,f,f,f,f,f,f,w,f,f,f
f,f,f,f,f,f,f,f,f,f,f,f,f,f,f,f,f,f,f,f,f,f,f,f,f,f,f,f,f,f,f,f,f,f,f,f,f,f,f,f,f,f,f,w,f,f,w,f,f,f,f,f,f,w,w,w,w,w,w,w,w,w,w,w,f,f,w,f,f,f,f,f,f,w,w,w,w,w,w,w,w,w,w,w,w,w,w,w,w,w,w,w,w,w,f,f,w,f,f,f
f,f,f,f,f,f,f,f,f,f,f,f,f,f,f,f,f,f,f,f,f,f,f,f,f,f,f,f,f,f,f,f,f,f,f,f,f,f,f,f,f,f,f,w,f,f,w,f,f,f,f,f,f,f,f,f,f,f,f,f,f,f,f,w,f,f,w,f,f,f,f,f,f,f,f,f,f,f,f,f,f,f,f,f,f,f,f,f,f,f,f,f,f,w,f,f,w,f,f,f
f,f,f,f,f,f,f,f,f,f,f,f,f,f,f,f,f,f,f,f,f,f,f,f,f,f,f,f,f,f,f,f,f,f,f,f,f,f,f,f,f,f,f,w,f,w,w,f,f,f,f,f,f,f,f,f,f,f,f,f,f,f,f,w,f,f,w,f,f,f,f,f,f,f,f,f,f,f,f,f,f,f,f,f,f,f,f,f,f,f,f,f,f,w,f,f,w,f,f,f
f,f,f,f,f,f,f,f,f,f,f,f,f,f,f,f,f,f,f,f,f,f,f,f,f,f,f,f,f,f,f,f,f,f,f,f,f,f,f,f,f,f,f,w,f:d>n^door6,w,w,f,f,f,f,f,f,f,f,f,f,f,f,f,f,f,f,w,f,f,w,f,f,f,f,f,f,f,f,f,f,f,f,f,f,f,f,f,f,f,f,f,f,f,f,f,f,w,f,f,w,f,f,f
f,f,f,f,f,f,f,f,f,f,f,f,f,f,f,f,f,f,f,f,w,w,w,w,w,w,w,w,w,w,f,f,f,f,f,f,f,f,f,f,w,w,w,w,f,f,w,w,w,w,f,f,f,f,f,f,f,f,f,f,w,w,w,w,f,f,w,w,w,w,f,f,f,f,f,f,f,f,f,f,w,w,w,w,w,w,w,w,w,w,f,f,f,w,f,f,w,f,f,f
f,f,f,f,f,f,f,f,f,f,f,f,f,f,f,f,f,f,f,f,w,f,f,f,f,f,f,f,f:g^gf1,w,f,f,f,f,f,f,f,f,f,f,w,f,f,f,f,f,f,f,f:b^b6,w,f,f,f,f,f,f,f,f,f,f,w,f,f,f,f,f,f,f,f,w,f,f,f,f,f,f,f,f,f,f,w,f,f,f,f,f,f,f,f,w,f,f,f,w,f,f,w,f,f,f
f,f,f,f,f,f,f,f,f,f,f,f,f,f,f,f,f,f,f,f,w,f:b^b5,f,f,f,f,f,f,f,w,f,f,f,f,f,f,f,f,f,f,w,f,f,f,f,f,f,f,f,w,f,f,f,f,f,f,f,f,f,f,w,f:b^b10,f,f,f,f,f,f,f,w,f,f,f,f,f,f,f,f,f,f,w,f:b^b3,f,f,f,f,f,f,f,w,f,f,f,w,f,f,w,f,f,f
f,f,f,w,w,w,w,w,w,w,w,w,w,w,w,w,w,w,w,w,w,f,f,f,f,f,f,f,f,w,w,w,w,w,w,w,w,w,w,w,w,f,f,f,f,f,f,f,f:b^b7,w,w,w,w,w,w,w,w,w,w,w,w,f,f,f,f,f,f,f,f,w,w,w,w,w,w,w,w,w,w,w,w,f,f,f,f,f,f,f,f,w,w,w,w,w,f,f,w,f,f,f
f,f,f,w,f,f,f,f,f,f,f,f,f,f,f,f,f,f,f,f,f,f,f,f,f,f,f,f,f,f,f:d>w^door9,f,f,f,f,f,f,f,f,f,f,f,f,f,w,w,f,f,f,f,f:d>w^door8,f,f,f,f,f,f,f,f,f,f,f,f,f,f,f,f,f,f,f,f:d>w^door7,f,f,f,f,f,f,f,f,f,f,f,f,f,f,f,f,f,f,f,f,f,f,f,f,f,w,f,f,f
f,f,f,w,f,f,f,f,f,f,f,f,f,f,f,f,f,f,f,f,f,f,f,f,f,f,f,f,f,f,w,w,f,f,f,f,f,f,f,f,f,f,f,w,w,w,w,f,f,f,w,w,f,f,f,f,f,f,f,f,f,f,f,f,f,f,f,f,f,f,w,w,f,f,f,f,f,f,f,f,f,f,f,f,f,f,f,f,f,f,f,f,f,f,f,f,w,f,f,f
f,f,f,w,f,f,w,w,w,w,w,w,w,w,w,w,w,w,w,w,w,f,f,f,f,f,f,f,f,w,w,w,w,w,w,w,w,w,w,w,w,f,f,f,f,w,f,f,f,w,w,w,w,w,w,w,w,w,w,w,w,f,f,f,f,f,f,f,f,w,w,w,w,w,w,w,w,w,w,w,w,f,f,f,f,f,f,f,f,w,w,w,w,w,w,w,w,f,f,f
f,f,f,w,f,f:dhf,w,f,f,f,f,f,f,f,f,f,f,f,f,f,w,f,f,f,f,f,f,f,f,w,f,f,f,f,f,f,f,f,f,f,w,f,f,f,f,f,f,f,f,w,f,f,f,f,f,f,f,f,f,f,w,f,f,f,f,f,f,f,f,w,f,f,f,f,f,f,f,f,f,f,w,f,f,f,f,f,f,f,f:b^b4,w,f,f,f,f,f,f,f,f,f,f
f,f,f,w,f,w,w,f,f,f,f,f,f,f,f,f,f,f,f,f,w,f,f,f,f,f,f,f,f,w,f,f,f,f,f,f,f,f,f,f,w,f,f,f,f,f,f,f,f,w,f,f,f,f,f,f,f,f,f,f,w,f,f,f,f,f,f,f,f,w,f,f,f,f,f,f,f,f,f,f,w,f,f,f,f,f,f,f,f,w,f,f,f,f,f,f,f,f,f,f
f,f,f,w,f:d>n^door2,w,w,f,f,f,f,f,f,f,f,f,f,f,f,f,w,w,w,w,f,f,w,w,w,w,f,f,f,f,f,f,f,f,f,f,w,w,w,w,w,w,w,w,w,w,f,f,f,f,f,f,f,f,f,f,w,w,w,w,w,w,w,w,w,w,f,f,f,f,f,f,f,f,f,f,w,w,w,w,f,f,w,w,w,w,f,f,f,f,f,f,f,f,f,f
f,f,f,w,f,f,w,f,f,f,f,f,f,f,f,f,f,f,f,f,f,f,f,w,f,f,w,f,f,f,f,f,f,f,f,f,f,f,f,f,f,f,f,f,f,f,f,f,f,f,f,f,f,f,f,f,f,f,f,f,f,f,f,f,f,f,f,f,f,f,f,f,f,f,f,f,f,f,f,f,f,f,f,w,f,f,w,f,f,f,f,f,f,f,f,f,f,f,f,f
f,f,f,w,f,f,w,f,f,f,f,f,f,f,f,f,f,f,f,f,f,f,f,w,f,f,w,f,f,f,f,f,f,f,f,f,f,f,f,f,f,f,f,f,f,f,f,f,f,f,f,f,f,f,f,f,f,f,f,f,f,f,f,f,f,f,f,f,f,f,f,f,f,f,f,f,f,f,f,f,f,f,f,w,f,f,w,f,f,f,f,f,f,f,f,f,f,f,f,f
f,f,f,w,f,f,w,f,f,f,f,f,f,f,f,f,f,f,f,f,f,f,f,w,f,f,w,f,f,f,f,f,f,f,f,f,f,f,f,f,f,f,f,f,f,f,f,f,f,f,f,f,f,f,f,f,f,f,f,f,f,f,f,f,f,f,f,f,f,f,f,f,f,f,f,f,f,f,f,f,f,f,f,w,f,f,w,f,f,f,f,f,f,f,f,f,f,f,f,f
f,f,f,w,f,f,w,f,f,f,f,f,f,f,f,f,f,f,f,f,f,f,f,w,f,f,w,f,f,f,f,f,f,f,f,f,f,f,f,f,f,f,f,f,f,f,f,f,f,f,f,f,f,w,w,w,w,w,w,w,w,w,w,w,w,w,w,w,w,w,w,w,w,w,w,w,w,w,w,w,w,w,w,w,f,f,w,f,f,f,f,f,f,f,f,f,f,f,f,f
f,f,f,w,f,f,w,f,f,f,f,f,f,f,f,f,f,f,f,f,f,f,f,w,f,f,w,f,f,f,f,f,f,f,f,f,f,f,f,f,f,f,f,f,f,f,f,f,f,f,f,f,f,w,f,f,f,f,f,f,f,f,f,f,f,f,f,f,f,f,f,f,f,f,f,f,f,f,f,f,f,f,f,f,f,f,w,f,f,f,f,f,f,f,f,f,f,f,f,f
f,f,f,w,f,f,w,f,f,f,f,f,f,f,f,f,f,f,f,f,f,f,f,w,f,f,w,f,f,f,f,f,f,f,f,f,f,f,f,f,f,f,f,f,f,f,f,f,f,f,f,f,f,w,f,f,f,f,f,f,f,f,f,f,f,f,f,f,f,f,f,f,f,f,f,f,f,f,f,f,f,f,f,f,f,f,w,f,f,f,f,f,f,f,f,f,f,f,f,f
f,f,f,w,f,f,w,f,f,f,f,f,f,f,f,f,f,f,f,f,f,f,f,w,f,f,w,f,f,f,f,f,f,f,f,f,f,f,f,f,f,f,f,f,f,f,f,f,f,f,f,f,f,w,f,f,w,w,w,w,w,w,w,w,w,w,w,w,w,w,w,w,w,w,w,w,w,w,w,w,w,w,w,w,w,w,w,f,f,f,f,f,f,f,f,f,f,f,f,f
f,f,f,w,f,f,w,f,f,f,f,f,f,f,f,f,f,f,f,f,f,f,f,w,f,f,w,f,f,f,f,f,f,f,f,f,f,f,f,f,f,f,f,f,f,f,f,f,f,f,f,f,f,w,f,f,w,f,f,f,f,f,f,f,f,f,f,f,f,f,f,f,f,f,f,f,f,f,f,f,f,f,f,f,f,f,f,f,f,f,f,f,f,f,f,f,f,f,f,f
f,f,f,w,f,f,w,f,f,f,f,f,f,f,f,f,f,f,f,f,f,f,f,w,f,w,w,f,f,f,f,f,f,f,f,f,f,f,f,f,f,f,f,f,f,f,f,f,f,f,f,f,f,w,f,f,w,f,f,f,f,f,f,f,f,f,f,f,f,f,f,f,f,f,f,f,f,f,f,f,f,f,f,f,f,f,f,f,f,f,f,f,f,f,f,f,f,f,f,f
f,f,f,w,f,f,w,f,f,f,f,f,f,f,f,f,f,f,f,f,f,f,f,w,f:d>n^door10,w,w,f,f,f,f,f,f,f,f,f,f,f,f,f,f,f,f,f,f,f,f,f,f,f,f,f,f,w,f,f,w,f,f,f,f,f,f,f,f,f,f,f,f,f,f,f,f,f,f,f,f,f,f,f,f,f,f,f,f,f,f,f,f,f,f,f,f,f,f,f,f,f,f,f
w,w,w,w,f,f,w,w,w,w,f,f,f,f,f,f,f,f,f,f,w,w,w,w,f,f,w,w,w,w,f,f,f,f,f,f,f,f,f,f,w,w,w,w,w,w,w,w,w,w,f,f,f,w,f,f,w,f,f,f,f,f,f,f,f,f,f,f,f,f,f,f,f,f,f,f,f,f,f,f,f,f,f,f,f,f,f,f,f,f,f,f,f,f,f,f,f,f,f,f
w,f:b^b9,f,f,f,f,f,f,f,w,f,f,f,f,f,f,f,f,f,f,w,f:b^b2,f,f,f,f,f,f,f,w,f,f,f,f,f,f,f,f,f,f,w,f,f,f,f,f,f,f,f,w,f,f,f,w,f,f,w,f,f,f,f,f,f,f,f,f,f,f,f,f,f,f,f,f,f,f,f,f,f,f,f,f,f,f,f,f,f,f,f,f,f,f,f,f,f,f,f,f,f,f
w,f,f,f,f,f,f,f,f,w,f,f,f,f,f,f,f,f,f,f,w,f,f,f,f,f,f,f,f,w,f,f,f,f,f,f,f,f,f,f,w,f,f:a^Agent1,f,f,f,f,f,f,w,f,f,f,w,f,f,w,f,f,f,f,f,f,f,f,f,f,f,f,f,f,f,f,f,f,f,f,f,f,f,f,f,f,f,f,f,f,f,f,f,f,f,f,f,f,f,f,f,f,f
w,f,f,f,f,f,f,f,f,w,w,w,w,w,w,w,w,w,w,w,w,f,f,f,f,f,f,f,f,w,w,w,w,w,w,w,w,w,w,w,w,f,f,f,f,f,f,f,f,w,f,f,f,w,f,f,w,f,f,f,f,f,f,f,f,f,f,f,f,f,f,f,f,f,f,f,f,f,f,f,f,f,f,f,f,f,f,f,f,f,f,f,f,f,f,f,f,f,f,f
w,f,f,f,f,f,f,f,f,f,f:d>w^door1,f,f:dhf,f:dhf,f,f,f,f,f,f:dhf,f:dhf,f,f,f,w,w,f,f,f,f,f:d>w^door3,f,f,f,f,f,f,f,f,f,f,f,f,f,f,f,f,f,f,w,f,f,f,w,f,f,w,f,f,f,f,f,f,f,f,f,f,f,f,f,f,f,f,f,f,f,f,f,f,f,f,f,f,f,f,f,f,f,f,f,f,f,f,f,f,f,f,f,f,f
w,f,f,f,f,f,f,f,f,f,w,w,f:dhf,f,f,f,f,f,f,f:dhf,f:dhf,f,f,w,w,w,w,f,f,f,w,w,f,f,f,f,f,f,f,f,f,f,f,f,f,f,f,f,f,w,f,f,f,w,f,f,w,f,f,f,f,f,f,f,f,f,f,f,f,f,f,f,f,f,f,f,f,f,f,f,f,f,f,f,f,f,f,f,f,f,f,f,f,f,f,f,f,f,f,f
w,f,f,f,f,f,f,f,f,w,w,w,w,w,w,w,w,w,w,w,w,f,f,f,f,w,f,f,f,w,w,w,w,w,w,w,w,w,w,w,w,f,f,f,f,f,f,f,f,w,f,f,f,w,f,f,w,f,f,f,f,f,f,f,f,f,f,f,f,f,f,f,f,f,f,f,f,f,f,f,f,f,f,f,f,f,f,f,f,f,f,f,f,f,f,f,f,f,f,f
w,f,f,f,f,f,f,f,f,w,f,f,f,f,f,f,f,f,f,f,w,f,f,f,f,f,f,f,f:b^b1,w,f,f,f,f,f,f,f,f,f,f,w,f,f,f,f,f,f,f,f:b^b0,w,f,f,f,w,f,f,w,f,f,f,f,f,f,f,f,f,f,f,f,f,f,f,f,f,f,f,f,f,f,f,f,f,f,f,f,f,f,f,f,f,f,f,f,f,f,f,f,f,f,f
w,f,f,f,f,f,f,f,f,w,f,f,f,f,f,f,f,f,f,f,w,f,f,f,f,f,f,f,f,w,f,f,f,f,f,f,f,f,f,f,w,f,f,f,f,f,f,f,f,w,f,f,f,w,f,f,w,f,f,f,f,f,f,f,f,f,f,f,f,f,f,f,f,f,f,f,f,f,f,f,f,f,f,f,f,f,f,f,f,f,f,f,f,f,f,f,f,f,f,f
w,w,w,w,f,f,w,w,w,w,f,f,f,f,f,f,f,f,f,f,w,w,w,w,w,w,w,w,w,w,f,f,f,f,f,f,f,f,f,f,w,w,w,w,w,w,w,w,w,w,f,f,f,w,f,f,w,f,f,f,f,f,f,f,f,f,f,f,f,f,f,f,f,f,f,f,f,f,f,f,f,f,f,f,f,f,f,f,f,f,f,f,f,f,f,f,f,f,f,f
f,f,f,w,f,f,w,f,f,f,f,f,f,f,f,f,f,f,f,f,f,f,f,f,f,f,f,f,f,f,f,f,f,f,f,f,f,f,f,f,f,f,f,f,f,f,f,f,f,f,f,f,f,w,f,f,w,f,f,f,f,f,f,f,f,f,f,f,f,f,f,f,f,f,f,f,f,f,f,f,f,f,f,f,f,f,f,f,f,f,f,f,f,f,f,f,f,f,f,f
f,f,f,w,f,f,w,f,f,f,f,f,f,f,f,f,f,f,f,f,f,f,f,f,f,f,f,f,f,f,f,f,f,f,f,f,f,f,f,f,f,f,f,f,f,f,f,f,f,f,f,f,f,w,f,f,w,f,f,f,f,f,f,f,f,f,f,f,f,f,f,f,f,f,f,f,f,f,f,f,f,f,f,f,f,f,f,f,f,f,f,f,f,f,f,f,f,f,f,f
f,f,f,w,f,f,w,f,f,f,f,f,f,f,f,f,f,f,f,f,f,f,f,f,f,f,f,f,f,f,f,f,f,f,f,f,f,f,f,f,f,f,f,f,f,f,f,f,f,f,f,f,f,w,f,f,w,f,f,f,f,f,f,f,f,f,f,f,f,f,f,f,f,f,f,f,f,f,f,f,f,f,f,f,f,f,f,f,f,f,f,f,f,f,f,f,f,f,f,f
f,f,f,w,f,f,w,w,w,w,w,w,w,w,w,w,w,w,w,w,w,w,w,w,w,w,w,w,w,w,w,w,w,w,w,w,w,w,w,w,w,w,w,w,w,w,w,w,w,w,w,w,w,w,f,f,w,f,f,f,f,f,f,f,f,f,f,f,f,f,f,f,f,f,f,f,f,f,f,f,f,f,f,f,f,f,f,f,f,f,f,f,f,f,f,f,f,f,f,f
f,f,f,w,f,f,f,f,f,f:d>e^door0,f,f,f,f,f,f,f,f,f,f,f,f,f,f,f,f,f,f,f,f,f,f,f,f,f,f,f,f,f,f,f,f,f,f,f,f,f,f,f,f,f,f,f,f,f,f,w,f,f,f,f,f,f,f,f,f,f,f,f,f,f,f,f,f,f,f,f,f,f,f,f,f,f,f,f,f,f,f,f,f,f,f,f,f,f,f,f,f,f,f
f,f,f,w,f,f,f,f,w,w,f,f,f,f,f,f,f,f,f,f,f,f,f,f,f,f,f,f,f,f,f,f,f,f,f,f,f,f,f,f,f,f,f,f,f,f,f,f,f,f,f,f,f,f,f,f,w,f,f,f,f,f,f,f,f,f,f,f,f,f,f,f,f,f,f,f,f,f,f,f,f,f,f,f,f,f,f,f,f,f,f,f,f,f,f,f,f,f,f,f
f,f,f,w,w,w,w,w,w,w,w,w,w,w,w,w,w,w,w,w,w,w,w,w,w,w,w,w,w,w,w,w,w,w,w,w,w,w,w,w,w,w,w,w,w,w,w,w,w,w,w,w,w,w,w,w,w,f,f,f,f,f,f,f,f,f,f,f,f,f,f,f,f,f,f,f,f,f,f,f,f,f,f,f,f,f,f,f,f,f,f,f,f,f,f,f,f,f,f,f
f,f,f,f,f,f,f,f,f,f,f,f,f,f,f,f,f,f,f,f,f,f,f,f,f,f,f,f,f,f,f,f,f,f,f,f,f,f,f,f,f,f,f,f,f,f,f,f,f,f,f,f,f,f,f,f,f,f,f,f,f,f,f,f,f,f,f,f,f,f,f,f,f,f,f,f,f,f,f,f,f,f,f,f,f,f,f,f,f,f,f,f,f,f,f,f,f,f,f,f
f,f,f,f,f,f,f,f,f,f,f,f,f,f,f,f,f,f,f,f,f,f,f,f,f,f,f,f,f,f,f,f,f,f,f,f,f,f,f,f,f,f,f,f,f,f,f,f,f,f,f,f,f,f,f,f,f,f,f,f,f,f,f,f,f,f,f,f,f,f,f,f,f,f,f,f,f,f,f,f,f,f,f,f,f,f,f,f,f,f,f,f,f,f,f,f,f,f,f,f
f,f,f,f,f,f,f,f,f,f,f,f,f,f,f,f,f,f,f,f,f,f,f,f,f,f,f,f,f,f,f,f,f,f,f,f,f,f,f,f,f,f,f,f,f,f,f,f,f,f,f,f,f,f,f,f,f,f,f,f,f,f,f,f,f,f,f,f,f,f,f,f,f,f,f,f,f,f,f,f,f,f,f,f,f,f,f,f,f,f,f,f,f,f,f,f,f,f,f,f
|,,,,,,,,,,,,,,,,,,,,,,,,,,,,,,,,,,,,,,,,,,,,,,,,,,,,,,,,,,,,,,,,,,,,,,,,,,,,,,,,,,,,,,,,,,,,,,,,,,,
,,,,,,,,,,,,,,,,,,,,,,,,,,,,,,,,,,,,,,,,,,,,,,,,,,,,,,,,,,,,,,,,,,,,,,,,,,,,,,,,,,,,,,,,,,,,,,,,,,,
,,,,,,,,,,,,,,,,,,,,,,,,,,,,,,,,,,,,,,,,,,,,,,,,,,,,,,,,,,,,,,,,,,,,,,,,,,,,,,,,,,,,,,,,,,,,,,,,,,,
,,,,,,,,,,,,,,,,,,,,,,,,,,,,,,,,,,,,,,,,,,,w,w,w,w,w,w,w,w,w,w,w,w,w,w,w,w,w,w,w,w,w,w,w,w,,,,,,,,,,,,,,,,,,,,,,,,,,,,,,,,,
,,,,,,,,,,,,,,,,,,,,,,,,,,,,,,,,,,,,,,,,,,,w,,,,,,,,,,,,,,,,,,,,,,,w,,,,,,,,,,,,,,,,,,,,,,,,,,,,,,,,,
,,,,,,,,,,,,,,,,,,,,,,,,,,,,,,,,,,,,,,,,,,,w,,,,,,,,,,,,,,,,,,,,,,,w,,,,,,,,,,,,,,,,,,,,,,,,,,,,,,,,,
,,,,,,,,,,,,,,,,,,,,,,,,,,,,,,,,,,,,,,,,,,,w,,,w,w,w,w,w,w,w,w,w,w,w,w,w,w,w,w,w,w,,,w,,,,,,,,,,,,,,,,,,,,,,,,,,,,,,,,,
,,,,,,,,,,,,,,,,,,,,,,,,,,,,,,,,,,,,,,,,,,,w,,,w,,,,,,,,,,,,,,,,,w,,,w,,,,,,,,,,,,,,,,,,,,,,,,,,,,,,,,,
,,,,,,,,,,,,,,,,,,,,,,,,,,,,,,,,,,,,,,,,,,,w,,w,w,,,,,,,,,,,,,,,,,w,,,w,,,,,,,,,,,,,,,,,,,,,,,,,,,,,,,,,
,,,,,,,,,,,,,,,,,,,,,,,,,,,,,,,,,,,,,,,,,,,w,,w,w,,,,,,,,,,,,,,,,,w,,,w,,,,,,,,,,,,,,,,,,,,,,,,,,,,,,,,,
,,,,,,,,,,,,,,,,,,,,,,,,,,,,,,,,,,,,,,,,w,w,w,w,,,w,w,w,w,,,,,,,,,,,,,,w,,,w,,,,,,,,,,,,,,,,,,,,,,,,,,,,,,,,,
,,,,,,,,,,,,,,,,,,,,,,,,,,,,,,,,,,,,,,,,w,,,,,,,,,w,,,,,,,,,,,,,,w,,,w,,,,,,,,,,,,,,,,,,,,,,,,,,,,,,,,,
,,,,,,,,,,,,,,,,,,,,,,,,,,,,,,,,,,,,,,,,w,,,,,,,,,w,,,,,,,,,,,,,,w,,,w,,,,,,,,,,,,,,,,,,,,,,,,,,,,,,,,,
,,,,,,,,,,,,,,,,,,,,,,,,,,,,,,,,,,,,,,,,w,,,,,,,,,w,w,w,w,w,w,w,w,,,,,,,w,,,w,w,w,w,w,w,w,w,w,w,w,,,,,,,,,,,,,,,,,,,,,,,
,,,,,,,,,,,,,,,,,,,,,,,,,,,,,,,,,,,,,,,,w,,,,,,,,,,,,,,,,w,,,,,,,w,,,,,,,,,,,,,w,,,,,,,,,,,,,,,,,,,,,,,
,,,,,,,,,,,,,,,,,,,,,,,,,,,,,,,,,,,,,,,,w,,,,,,,,,,w,w,,,,,w,,,,,,,w,,,,,,,,,,,,,w,,,,,,,,,,,,,,,,,,,,,,,
,,,,,,,,,,,,,,,,,,,,,,,,,,,,,,,,,,,,,,,,w,,,,,,,,,w,w,w,w,w,,,w,,,,,,,w,w,w,w,w,w,w,w,w,w,w,,,w,,,,,,,,,,,,,,,,,,,,,,,
,,,,,,,,,,,,,,,,,,,,,,,,,,,,,,,,,,,,,,,,w,,,,,,,,,w,,,,w,,,w,,,,,,,,,,,,,,,,,w,,,w,,,,,,,,,,,,,,,,,,,,,,,
,,,,,,,,,,,,,,,,,,,,,,,,,,,,,,,,,,,,,,,,w,,,,,,,,,w,,,,w,,,w,,,,,,,,,,,,,,,,,w,,,w,,,,,,,,,,,,,,,,,,,,,,,
,,,,,,,,,,,,,,,,,,,,,,,,,,,,,,,,,,,,,,,,w,w,w,w,,,w,w,w,w,,,,w,,,w,,,,,,,,,,,,,,,,,w,,,w,,,,,,,,,,,,,,,,,,,,,,,
,,,,,,,,,,,,,,,,,,,,,,,,,,,,,,,,,,,,,,,,,,,w,,,w,,,,,,,w,,,w,,,,,,,,,,,,,,,,,w,,,w,,,,,,,,,,,,,,,,,,,,,,,
,,,,,,,,,,,,,,,,,,,,,,,,,,,,,,,,,,,,,,,,,,,w,,,w,,,,,,,w,,,w,,,,,,,,,,,,,,,,,w,,,w,,,,,,,,,,,,,,,,,,,,,,,
,,,,,,,,,,,,,,,,,,,,,,,,,,,,,,,,,,,,,,,,,,,w,,,w,,,,,,,w,,,w,,,,,,,,,,,,,,,,,w,,,w,,,,,,,,,,,,,,,,,,,,,,,
,,,,,,,,,,,,,,,,,,,,,,,,,,,,,,,,,,,,,,,,,,,w,,,w,,,,,,,w,,,w,w,w,w,w,w,w,w,w,w,w,,,,,,,w,,,w,w,w,w,w,w,w,w,w,w,w,w,w,w,w,w,w,w,w,w,w,,,
,,,,,,,,,,,,,,,,,,,,,,,,,,,,,,,,,,,,,,,,,,,w,,,w,,,,,,,w,,,,,,,,,,,,,w,,,,,,,w,,,,,,,,,,,,,,,,,,,,,,,w,,,
,,,,,,,,,,,,,,,,,,,,,,,,,,,,,,,,,,,,,,,,,,,w,,,w,,,,,,,w,,,,,,,,,,,,,w,,,,,,,w,,,,,,,,,,,,,,,,,,,,,,,w,,,
,,,,,,,,,,,,,,,,,,,,,,,,,,,,,,,,,,,,,,,,,,,w,,,w,,,,,,,w,w,w,w,w,w,w,w,w,w,w,,,w,,,,,,,w,w,w,w,w,w,w,w,w,w,w,w,w,w,w,w,w,w,w,w,w,,,w,,,
,,,,,,,,,,,,,,,,,,,,,,,,,,,,,,,,,,,,,,,,,,,w,,,w,,,,,,,,,,,,,,,,,w,,,w,,,,,,,,,,,,,,,,,,,,,,,,,,,w,,,w,,,
,,,,,,,,,,,,,,,,,,,,,,,,,,,,,,,,,,,,,,,,,,,w,,w,w,,,,,,,,,,,,,,,,,w,,,w,,,,,,,,,,,,,,,,,,,,,,,,,,,w,,,w,,,
,,,,,,,,,,,,,,,,,,,,,,,,,,,,,,,,,,,,,,,,,,,w,,w,w,,,,,,,,,,,,,,,,,w,,,w,,,,,,,,,,,,,,,,,,,,,,,,,,,w,,,w,,,
,,,,,,,,,,,,,,,,,,,,w,w,w,w,w,w,w,w,w,w,,,,,,,,,,,w,w,w,w,,,w,w,w,w,,,,,,,,,,,w,w,w,w,,,w,w,w,w,,,,,,,,,,,w,w,w,w,w,w,w,w,w,w,,,,w,,,w,,,
,,,,,,,,,,,,,,,,,,,,w,,,,,,,,,w,,,,,,,,,,,w,,,,,,,,,w,,,,,,,,,,,w,,,,,,,,,w,,,,,,,,,,,w,,,,,,,,,w,,,,w,,,w,,,
,,,,,,,,,,,,,,,,,,,,w,,,,,,,,,w,,,,,,,,,,,w,,,,,,,,,w,,,,,,,,,,,w,,,,,,,,,w,,,,,,,,,,,w,,,,,,,,,w,,,,w,,,w,,,
,,,w,w,w,w,w,w,w,w,w,w,w,w,w,w,w,w,w,w,,,,,,,,,w,w,w,w,w,w,w,w,w,w,w,w,,,,,,,,,w,w,w,w,w,w,w,w,w,w,w,w,,,,,,,,,w,w,w,w,w,w,w,w,w,w,w,w,,,,,,,,,w,w,w,w,w,,,w,,,
,,,w,,,,,,,,,,,,,,,,,,,,,,,,,,,,,,,,,,,,,,,,,w,w,,,,,,,,,,,,,,,,,,,,,,,,,,,,,,,,,,,,,,,,,,,,,,,,,,,w,,,
,,,w,,,,,,,,,,,,,,,,,,,,,,,,,,,w,w,,,,,,,,,,,,w,w,w,w,,,,w,w,,,,,,,,,,,,,,,,,,,w,w,,,,,,,,,,,,,,,,,,,,,,,,,w,,,
,,,w,,,w,w,w,w,w,w,w,w,w,w,w,w,w,w,w,,,,,,,,,w,w,w,w,w,w,w,w,w,w,w,w,,,,,w,,,,w,w,w,w,w,w,w,w,w,w,w,w,,,,,,,,,w,w,w,w,w,w,w,w,w,w,w,w,,,,,,,,,w,w,w,w,w,w,w,w,,,
,,,w,,,w,,,,,,,,,,,,,,w,,,,,,,,,w,,,,,,,,,,,w,,,,,,,,,w,,,,,,,,,,,w,,,,,,,,,w,,,,,,,,,,,w,,,,,,,,,w,,,,,,,,,,
,,,w,,w,w,,,,,,,,,,,,,,w,,,,,,,,,w,,,,,,,,,,,w,,,,,,,,,w,,,,,,,,,,,w,,,,,,,,,w,,,,,,,,,,,w,,,,,,,,,w,,,,,,,,,,
,,,w,,w,w,,,,,,,,,,,,,,w,w,w,w,,,w,w,w,w,,,,,,,,,,,w,w,w,w,w,w,w,w,w,w,,,,,,,,,,,w,w,w,w,w,w,w,w,w,w,,,,,,,,,,,w,w,w,w,,,w,w,w,w,,,,,,,,,,
,,,w,,,w,,,,,,,,,,,,,,,,,w,,,w,,,,,,,,,,,,,,,,,,,,,,,,,,,,,,,,,,,,,,,,,,,,,,,,,,,,,,,,,w,,,w,,,,,,,,,,,,,
,,,w,,,w,,,,,,,,,,,,,,,,,w,,,w,,,,,,,,,,,,,,,,,,,,,,,,,,,,,,,,,,,,,,,,,,,,,,,,,,,,,,,,,w,,,w,,,,,,,,,,,,,
,,,w,,,w,,,,,,,,,,,,,,,,,w,,,w,,,,,,,,,,,,,,,,,,,,,,,,,,,,,,,,,,,,,,,,,,,,,,,,,,,,,,,,,w,,,w,,,,,,,,,,,,,
,,,w,,,w,,,,,,,,,,,,,,,,,w,,,w,,,,,,,,,,,,,,,,,,,,,,,,,,,w,w,w,w,w,w,w,w,w,w,w,w,w,w,w,w,w,w,w,w,w,w,w,w,w,w,w,w,w,w,w,,,w,,,,,,,,,,,,,
,,,w,,,w,,,,,,,,,,,,,,,,,w,,,w,,,,,,,,,,,,,,,,,,,,,,,,,,,w,,,,,,,,,,,,,,,,,,,,,,,,,,,,,,,,,w,,,,,,,,,,,,,
,,,w,,,w,,,,,,,,,,,,,,,,,w,,,w,,,,,,,,,,,,,,,,,,,,,,,,,,,w,,,,,,,,,,,,,,,,,,,,,,,,,,,,,,,,,w,,,,,,,,,,,,,
,,,w,,,w,,,,,,,,,,,,,,,,,w,,,w,,,,,,,,,,,,,,,,,,,,,,,,,,,w,,,w,w,w,w,w,w,w,w,w,w,w,w,w,w,w,w,w,w,w,w,w,w,w,w,w,w,w,w,w,w,w,,,,,,,,,,,,,
,,,w,,,w,,,,,,,,,,,,,,,,,w,,,w,,,,,,,,,,,,,,,,,,,,,,,,,,,w,,,w,,,,,,,,,,,,,,,,,,,,,,,,,,,,,,,,,,,,,,,,,,,
,,,w,,,w,,,,,,,,,,,,,,,,,w,,w,w,,,,,,,,,,,,,,,,,,,,,,,,,,,w,,,w,,,,,,,,,,,,,,,,,,,,,,,,,,,,,,,,,,,,,,,,,,,
,,,w,,,w,,,,,,,,,,,,,,,,,w,,w,w,,,,,,,,,,,,,,,,,,,,,,,,,,,w,,,w,,,,,,,,,,,,,,,,,,,,,,,,,,,,,,,,,,,,,,,,,,,
w,w,w,w,,,w,w,w,w,,,,,,,,,,,w,w,w,w,,,w,w,w,w,,,,,,,,,,,w,w,w,w,w,w,w,w,w,w,,,,w,,,w,,,,,,,,,,,,,,,,,,,,,,,,,,,,,,,,,,,,,,,,,,,
w,,,,,,,,,w,,,,,,,,,,,w,,,,,,,,,w,,,,,,,,,,,w,,,,,,,,,w,,,,w,,,w,,,,,,,,,,,,,,,,,,,,,,,,,,,,,,,,,,,,,,,,,,,
w,,,,,,,,,w,,,,,,,,,,,w,,,,,,,,,w,,,,,,,,,,,w,,,,,,,,,w,,,,w,,,w,,,,,,,,,,,,,,,,,,,,,,,,,,,,,,,,,,,,,,,,,,,
w,,,,,,,,,w,w,w,w,w,w,w,w,w,w,w,w,,,,,,,,,w,w,w,w,w,w,w,w,w,w,w,w,,,,,,,,,w,,,,w,,,w,,,,,,,,,,,,,,,,,,,,,,,,,,,,,,,,,,,,,,,,,,,
w,,,,,,,,,,,,,,,,,,,,,,,,w,w,,,,,,,,,,,,,,,,,,,,,,,,w,,,,w,,,w,,,,,,,,,,,,,,,,,,,,,,,,,,,,,,,,,,,,,,,,,,,
w,,,,,,,,,,w,w,,,,,,,,,,,,w,w,w,w,,,,w,w,,,,,,,,,,,,,,,,,,w,,,,w,,,w,,,,,,,,,,,,,,,,,,,,,,,,,,,,,,,,,,,,,,,,,,,
w,,,,,,,,,w,w,w,w,w,w,w,w,w,w,w,w,,,,,w,,,,w,w,w,w,w,w,w,w,w,w,w,w,,,,,,,,,w,,,,w,,,w,,,,,,,,,,,,,,,,,,,,,,,,,,,,,,,,,,,,,,,,,,,
w,,,,,,,,,w,,,,,,,,,,,w,,,,,,,,,w,,,,,,,,,,,w,,,,,,,,,w,,,,w,,,w,,,,,,,,,,,,,,,,,,,,,,,,,,,,,,,,,,,,,,,,,,,
w,,,,,,,,,w,,,,,,,,,,,w,,,,,,,,,w,,,,,,,,,,,w,,,,,,,,,w,,,,w,,,w,,,,,,,,,,,,,,,,,,,,,,,,,,,,,,,,,,,,,,,,,,,
w,w,w,w,,,w,w,w,w,,,,,,,,,,,w,w,w,w,w,w,w,w,w,w,,,,,,,,,,,w,w,w,w,w,w,w,w,w,w,,,,w,,,w,,,,,,,,,,,,,,,,,,,,,,,,,,,,,,,,,,,,,,,,,,,
,,,w,,,w,,,,,,,,,,,,,,,,,,,,,,,,,,,,,,,,,,,,,,,,,,,,,,,w,,,w,,,,,,,,,,,,,,,,,,,,,,,,,,,,,,,,,,,,,,,,,,,
,,,w,,,w,,,,,,,,,,,,,,,,,,,,,,,,,,,,,,,,,,,,,,,,,,,,,,,w,,,w,,,,,,,,,,,,,,,,,,,,,,,,,,,,,,,,,,,,,,,,,,,
,,,w,,,w,,,,,,,,,,,,,,,,,,,,,,,,,,,,,,,,,,,,,,,,,,,,,,,w,,,w,,,,,,,,,,,,,,,,,,,,,,,,,,,,,,,,,,,,,,,,,,,
,,,w,,,w,w,w,w,w,w,w,w,w,w,w,w,w,w,w,w,w,w,w,w,w,w,w,w,w,w,w,w,w,w,w,w,w,w,w,w,w,w,w,w,w,w,w,w,w,w,w,w,,,w,,,,,,,,,,,,,,,,,,,,,,,,,,,,,,,,,,,,,,,,,,,
,,,w,,,,,,,,,,,,,,,,,,,,,,,,,,,,,,,,,,,,,,,,,,,,,,,,,,,,,w,,,,,,,,,,,,,,,,,,,,,,,,,,,,,,,,,,,,,,,,,,,
,,,w,,,,,w,w,,,,,,,,,,,,,,,,,,,,,,,,,,,,,,,,,,,,,,,,,,,,,,,w,,,,,,,,,,,,,,,,,,,,,,,,,,,,,,,,,,,,,,,,,,,
,,,w,w,w,w,w,w,w,w,w,w,w,w,w,w,w,w,w,w,w,w,w,w,w,w,w,w,w,w,w,w,w,w,w,w,w,w,w,w,w,w,w,w,w,w,w,w,w,w,w,w,w,w,w,w,,,,,,,,,,,,,,,,,,,,,,,,,,,,,,,,,,,,,,,,,,,
,,,,,,,,,,,,,,,,,,,,,,,,,,,,,,,,,,,,,,,,,,,,,,,,,,,,,,,,,,,,,,,,,,,,,,,,,,,,,,,,,,,,,,,,,,,,,,,,,,,
,,,,,,,,,,,,,,,,,,,,,,,,,,,,,,,,,,,,,,,,,,,,,,,,,,,,,,,,,,,,,,,,,,,,,,,,,,,,,,,,,,,,,,,,,,,,,,,,,,,
,,,,,,,,,,,,,,,,,,,,,,,,,,,,,,,,,,,,,,,,,,,,,,,,,,,,,,,,,,,,,,,,,,,,,,,,,,,,,,,,,,,,,,,,,,,,,,,,,,,
|,,,,,,,,,,,,,,,,,,,,,,,,,,,,,,,,,,,,,,,,,,,,,,,,,,,,,,,,,,,,,,,,,,,,,,,,,,,,,,,,,,,,,,,,,,,,,,,,,,,
,,,,,,,,,,,,,,,,,,,,,,,,,,,,,,,,,,,,,,,,,,,,,,,,,,,,,,,,,,,,,,,,,,,,,,,,,,,,,,,,,,,,,,,,,,,,,,,,,,,
,,,,,,,,,,,,,,,,,,,,,,,,,,,,,,,,,,,,,,,,,,,,,,,,,,,,,,,,,,,,,,,,,,,,,,,,,,,,,,,,,,,,,,,,,,,,,,,,,,,
,,,,,,,,,,,,,,,,,,,,,,,,,,,,,,,,,,,,,,,,,,,w,w,w,w,w,w,w,w,w,w,w,w,w,w,w,w,w,w,w,w,w,w,w,w,,,,,,,,,,,,,,,,,,,,,,,,,,,,,,,,,
,,,,,,,,,,,,,,,,,,,,,,,,,,,,,,,,,,,,,,,,,,,w,,,,,,,,,,,,,,,,,,,,,,,w,,,,,,,,,,,,,,,,,,,,,,,,,,,,,,,,,
,,,,,,,,,,,,,,,,,,,,,,,,,,,,,,,,,,,,,,,,,,,w,,,,,,,,,,,,,,,,,,,,,,,w,,,,,,,,,,,,,,,,,,,,,,,,,,,,,,,,,
,,,,,,,,,,,,,,,,,,,,,,,,,,,,,,,,,,,,,,,,,,,w,,,w,w,w,w,w,w,w,w,w,w,w,w,w,w,w,w,w,w,,,w,,,,,,,,,,,,,,,,,,,,,,,,,,,,,,,,,
,,,,,,,,,,,,,,,,,,,,,,,,,,,,,,,,,,,,,,,,,,,w,,,w,,,,,,,,,,,,,,,,,w,,,w,,,,,,,,,,,,,,,,,,,,,,,,,,,,,,,,,
,,,,,,,,,,,,,,,,,,,,,,,,,,,,,,,,,,,,,,,,,,,w,,w,w,,,,,,,,,,,,,,,,,w,,,w,,,,,,,,,,,,,,,,,,,,,,,,,,,,,,,,,
,,,,,,,,,,,,,,,,,,,,,,,,,,,,,,,,,,,,,,,,,,,w,w,w,w,,,,,,,,,,,,,,,,,w,,,w,,,,,,,,,,,,,,,,,,,,,,,,,,,,,,,,,
,,,,,,,,,,,,,,,,,,,,,,,,,,,,,,,,,,,,,,,,w,w,w,w,,,w,w,w,w,,,,,,,,,,,,,,w,,,w,,,,,,,,,,,,,,,,,,,,,,,,,,,,,,,,,
,,,,,,,,,,,,,,,,,,,,,,,,,,,,,,,,,,,,,,,,w,,,,,,,,,w,,,,,,,,,,,,,,w,,,w,,,,,,,,,,,,,,,,,,,,,,,,,,,,,,,,,
,,,,,,,,,,,,,,,,,,,,,,,,,,,,,,,,,,,,,,,,w,,,,,,,,,w,,,,,,,,,,,,,,w,,,w,,,,,,,,,,,,,,,,,,,,,,,,,,,,,,,,,
,,,,,,,,,,,,,,,,,,,,,,,,,,,,,,,,,,,,,,,,w,,,,,,,,,w,w,w,w,w,w,w,w,,,,,,,w,,,w,w,w,w,w,w,w,w,w,w,w,,,,,,,,,,,,,,,,,,,,,,,
,,,,,,,,,,,,,,,,,,,,,,,,,,,,,,,,,,,,,,,,w,,,,,,,,,,w,,,,,,w,,,,,,,w,,,,,,,,,,,,,w,,,,,,,,,,,,,,,,,,,,,,,
,,,,,,,,,,,,,,,,,,,,,,,,,,,,,,,,,,,,,,,,w,,,,,,,,,,w,w,,,,,w,,,,,,,w,,,,,,,,,,,,,w,,,,,,,,,,,,,,,,,,,,,,,
,,,,,,,,,,,,,,,,,,,,,,,,,,,,,,,,,,,,,,,,w,,,,,,,,,w,w,w,w,w,,,w,,,,,,,w,w,w,w,w,w,w,w,w,w,w,,,w,,,,,,,,,,,,,,,,,,,,,,,
,,,,,,,,,,,,,,,,,,,,,,,,,,,,,,,,,,,,,,,,w,,,,,,,,,w,,,,w,,,w,,,,,,,,,,,,,,,,,w,,,w,,,,,,,,,,,,,,,,,,,,,,,
,,,,,,,,,,,,,,,,,,,,,,,,,,,,,,,,,,,,,,,,w,,,,,,,,,w,,,,w,,,w,,,,,,,,,,,,,,,,,w,,,w,,,,,,,,,,,,,,,,,,,,,,,
,,,,,,,,,,,,,,,,,,,,,,,,,,,,,,,,,,,,,,,,w,w,w,w,,,w,w,w,w,,,,w,,,w,,,,,,,,,,,,,,,,,w,,,w,,,,,,,,,,,,,,,,,,,,,,,
,,,,,,,,,,,,,,,,,,,,,,,,,,,,,,,,,,,,,,,,,,,w,,,w,,,,,,,w,,,w,,,,,,,,,,,,,,,,,w,,,w,,,,,,,,,,,,,,,,,,,,,,,
,,,,,,,,,,,,,,,,,,,,,,,,,,,,,,,,,,,,,,,,,,,w,,,w,,,,,,,w,,,w,,,,,,,,,,,,,,,,,w,,,w,,,,,,,,,,,,,,,,,,,,,,,
,,,,,,,,,,,,,,,,,,,,,,,,,,,,,,,,,,,,,,,,,,,w,,,w,,,,,,,w,,,w,,,,,,,,,,,,,,,,,w,,,w,,,,,,,,,,,,,,,,,,,,,,,
,,,,,,,,,,,,,,,,,,,,,,,,,,,,,,,,,,,,,,,,,,,w,,,w,,,,,,,w,,,w,w,w,w,w,w,w,w,w,w,w,,,,,,,w,,,w,w,w,w,w,w,w,w,w,w,w,w,w,w,w,w,w,w,w,w,w,,,
,,,,,,,,,,,,,,,,,,,,,,,,,,,,,,,,,,,,,,,,,,,w,,,w,,,,,,,w,,,,,,,,,,,,,w,,,,,,,w,,,,,,,,,,,,,,,,,,,,,,,w,,,
,,,,,,,,,,,,,,,,,,,,,,,,,,,,,,,,,,,,,,,,,,,w,,,w,,,,,,,w,,,,,,,,,,,,,w,,,,,,,w,,,,,,,,,,,,,,,,,,,,,,,w,,,
,,,,,,,,,,,,,,,,,,,,,,,,,,,,,,,,,,,,,,,,,,,w,,,w,,,,,,,w,w,w,w,w,w,w,w,w,w,w,,,w,,,,,,,w,w,w,w,w,w,w,w,w,w,w,w,w,w,w,w,w,w,w,w,w,,,w,,,
,,,,,,,,,,,,,,,,,,,,,,,,,,,,,,,,,,,,,,,,,,,w,,,w,,,,,,,,,,,,,,,,,w,,,w,,,,,,,,,,,,,,,,,,,,,,,,,,,w,,,w,,,
,,,,,,,,,,,,,,,,,,,,,,,,,,,,,,,,,,,,,,,,,,,w,,w,w,,,,,,,,,,,,,,,,,w,,,w,,,,,,,,,,,,,,,,,,,,,,,,,,,w,,,w,,,
,,,,,,,,,,,,,,,,,,,,,,,,,,,,,,,,,,,,,,,,,,,w,w,w,w,,,,,,,,,,,,,,,,,w,,,w,,,,,,,,,,,,,,,,,,,,,,,,,,,w,,,w,,,
,,,,,,,,,,,,,,,,,,,,w,w,w,w,w,w,w,w,w,w,,,,,,,,,,,w,w,w,w,,,w,w,w,w,,,,,,,,,,,w,w,w,w,,,w,w,w,w,,,,,,,,,,,w,w,w,w,w,w,w,w,w,w,,,,w,,,w,,,
,,,,,,,,,,,,,,,,,,,,w,,,,,,,,,w,,,,,,,,,,,w,,,,,,,,,w,,,,,,,,,,,w,,,,,,,,,w,,,,,,,,,,,w,,,,,,,,,w,,,,w,,,w,,,
,,,,,,,,,,,,,,,,,,,,w,,,,,,,,,w,,,,,,,,,,,w,,,,,,,,,w,,,,,,,,,,,w,,,,,,,,,w,,,,,,,,,,,w,,,,,,,,,w,,,,w,,,w,,,
,,,w,w,w,w,w,w,w,w,w,w,w,w,w,w,w,w,w,w,,,,,,,,,w,w,w,w,w,w,w,w,w,w,w,w,,,,,,,,,w,w,w,w,w,w,w,w,w,w,w,w,,,,,,,,,w,w,w,w,w,w,w,w,w,w,w,w,,,,,,,,,w,w,w,w,w,,,w,,,
,,,w,,,,,,,,,,,,,,,,,,,,,,,,,,,w,,,,,,,,,,,,,,w,w,,,,,w,,,,,,,,,,,,,,,,,,,,w,,,,,,,,,,,,,,,,,,,,,,,,,,w,,,
,,,w,,,,,,,,,,,,,,,,,,,,,,,,,,,w,w,,,,,,,,,,,,w,w,w,w,,,,w,w,,,,,,,,,,,,,,,,,,,w,w,,,,,,,,,,,,,,,,,,,,,,,,,w,,,
,,,w,,,w,w,w,w,w,w,w,w,w,w,w,w,w,w,w,,,,,,,,,w,w,w,w,w,w,w,w,w,w,w,w,,,,,w,,,,w,w,w,w,w,w,w,w,w,w,w,w,,,,,,,,,w,w,w,w,w,w,w,w,w,w,w,w,,,,,,,,,w,w,w,w,w,w,w,w,,,
,,,w,,,w,,,,,,,,,,,,,,w,,,,,,,,,w,,,,,,,,,,,w,,,,,,,,,w,,,,,,,,,,,w,,,,,,,,,w,,,,,,,,,,,w,,,,,,,,,w,,,,,,,,,,
,,,w,,w,w,,,,,,,,,,,,,,w,,,,,,,,,w,,,,,,,,,,,w,,,,,,,,,w,,,,,,,,,,,w,,,,,,,,,w,,,,,,,,,,,w,,,,,,,,,w,,,,,,,,,,
,,,w,w,w,w,,,,,,,,,,,,,,w,w,w,w,,,w,w,w,w,,,,,,,,,,,w,w,w,w,w,w,w,w,w,w,,,,,,,,,,,w,w,w,w,w,w,w,w,w,w,,,,,,,,,,,w,w,w,w,,,w,w,w,w,,,,,,,,,,
,,,w,,,w,,,,,,,,,,,,,,,,,w,,,w,,,,,,,,,,,,,,,,,,,,,,,,,,,,,,,,,,,,,,,,,,,,,,,,,,,,,,,,,w,,,w,,,,,,,,,,,,,
,,,w,,,w,,,,,,,,,,,,,,,,,w,,,w,,,,,,,,,,,,,,,,,,,,,,,,,,,,,,,,,,,,,,,,,,,,,,,,,,,,,,,,,w,,,w,,,,,,,,,,,,,
,,,w,,,w,,,,,,,,,,,,,,,,,w,,,w,,,,,,,,,,,,,,,,,,,,,,,,,,,,,,,,,,,,,,,,,,,,,,,,,,,,,,,,,w,,,w,,,,,,,,,,,,,
,,,w,,,w,,,,,,,,,,,,,,,,,w,,,w,,,,,,,,,,,,,,,,,,,,,,,,,,,w,w,w,w,w,w,w,w,w,w,w,w,w,w,w,w,w,w,w,w,w,w,w,w,w,w,w,w,w,w,w,,,w,,,,,,,,,,,,,
,,,w,,,w,,,,,,,,,,,,,,,,,w,,,w,,,,,,,,,,,,,,,,,,,,,,,,,,,w,,,,,,,,,,,,,,,,,,,,,,,,,,,,,,,,,w,,,,,,,,,,,,,
,,,w,,,w,,,,,,,,,,,,,,,,,w,,,w,,,,,,,,,,,,,,,,,,,,,,,,,,,w,,,,,,,,,,,,,,,,,,,,,,,,,,,,,,,,,w,,,,,,,,,,,,,
,,,w,,,w,,,,,,,,,,,,,,,,,w,,,w,,,,,,,,,,,,,,,,,,,,,,,,,,,w,,,w,w,w,w,w,w,w,w,w,w,w,w,w,w,w,w,w,w,w,w,w,w,w,w,w,w,w,w,w,w,w,,,,,,,,,,,,,
,,,w,,,w,,,,,,,,,,,,,,,,,w,,,w,,,,,,,,,,,,,,,,,,,,,,,,,,,w,,,w,,,,,,,,,,,,,,,,,,,,,,,,,,,,,,,,,,,,,,,,,,,
,,,w,,,w,,,,,,,,,,,,,,,,,w,,w,w,,,,,,,,,,,,,,,,,,,,,,,,,,,w,,,w,,,,,,,,,,,,,,,,,,,,,,,,,,,,,,,,,,,,,,,,,,,
,,,w,,,w,,,,,,,,,,,,,,,,,w,w,w,w,,,,,,,,,,,,,,,,,,,,,,,,,,,w,,,w,,,,,,,,,,,,,,,,,,,,,,,,,,,,,,,,,,,,,,,,,,,
w,w,w,w,,,w,w,w,w,,,,,,,,,,,w,w,w,w,,,w,w,w,w,,,,,,,,,,,w,w,w,w,w,w,w,w,w,w,,,,w,,,w,,,,,,,,,,,,,,,,,,,,,,,,,,,,,,,,,,,,,,,,,,,
w,,,,,,,,,w,,,,,,,,,,,w,,,,,,,,,w,,,,,,,,,,,w,,,,,,,,,w,,,,w,,,w,,,,,,,,,,,,,,,,,,,,,,,,,,,,,,,,,,,,,,,,,,,
w,,,,,,,,,w,,,,,,,,,,,w,,,,,,,,,w,,,,,,,,,,,w,,,,,,,,,w,,,,w,,,w,,,,,,,,,,,,,,,,,,,,,,,,,,,,,,,,,,,,,,,,,,,
w,,,,,,,,,w,w,w,w,w,w,w,w,w,w,w,w,,,,,,,,,w,w,w,w,w,w,w,w,w,w,w,w,,,,,,,,,w,,,,w,,,w,,,,,,,,,,,,,,,,,,,,,,,,,,,,,,,,,,,,,,,,,,,
w,,,,,,,,,,w,,,,,,,,,,,,,,w,w,,,,,w,,,,,,,,,,,,,,,,,,,w,,,,w,,,w,,,,,,,,,,,,,,,,,,,,,,,,,,,,,,,,,,,,,,,,,,,
w,,,,,,,,,,w,w,,,,,,,,,,,,w,w,w,w,,,,w,w,,,,,,,,,,,,,,,,,,w,,,,w,,,w,,,,,,,,,,,,,,,,,,,,,,,,,,,,,,,,,,,,,,,,,,,
w,,,,,,,,,w,w,w,w,w,w,w,w,w,w,w,w,,,,,w,,,,w,w,w,w,w,w,w,w,w,w,w,w,,,,,,,,,w,,,,w,,,w,,,,,,,,,,,,,,,,,,,,,,,,,,,,,,,,,,,,,,,,,,,
w,,,,,,,,,w,,,,,,,,,,,w,,,,,,,,,w,,,,,,,,,,,w,,,,,,,,,w,,,,w,,,w,,,,,,,,,,,,,,,,,,,,,,,,,,,,,,,,,,,,,,,,,,,
w,,,,,,,,,w,,,,,,,,,,,w,,,,,,,,,w,,,,,,,,,,,w,,,,,,,,,w,,,,w,,,w,,,,,,,,,,,,,,,,,,,,,,,,,,,,,,,,,,,,,,,,,,,
w,w,w,w,,,w,w,w,w,,,,,,,,,,,w,w,w,w,w,w,w,w,w,w,,,,,,,,,,,w,w,w,w,w,w,w,w,w,w,,,,w,,,w,,,,,,,,,,,,,,,,,,,,,,,,,,,,,,,,,,,,,,,,,,,
,,,w,,,w,,,,,,,,,,,,,,,,,,,,,,,,,,,,,,,,,,,,,,,,,,,,,,,w,,,w,,,,,,,,,,,,,,,,,,,,,,,,,,,,,,,,,,,,,,,,,,,
,,,w,,,w,,,,,,,,,,,,,,,,,,,,,,,,,,,,,,,,,,,,,,,,,,,,,,,w,,,w,,,,,,,,,,,,,,,,,,,,,,,,,,,,,,,,,,,,,,,,,,,
,,,w,,,w,,,,,,,,,,,,,,,,,,,,,,,,,,,,,,,,,,,,,,,,,,,,,,,w,,,w,,,,,,,,,,,,,,,,,,,,,,,,,,,,,,,,,,,,,,,,,,,
,,,w,,,w,w,w,w,w,w,w,w,w,w,w,w,w,w,w,w,w,w,w,w,w,w,w,w,w,w,w,w,w,w,w,w,w,w,w,w,w,w,w,w,w,w,w,w,w,w,w,w,,,w,,,,,,,,,,,,,,,,,,,,,,,,,,,,,,,,,,,,,,,,,,,
,,,w,,,,,,w,,,,,,,,,,,,,,,,,,,,,,,,,,,,,,,,,,,,,,,,,,,,,,,w,,,,,,,,,,,,,,,,,,,,,,,,,,,,,,,,,,,,,,,,,,,
,,,w,,,,,w,w,,,,,,,,,,,,,,,,,,,,,,,,,,,,,,,,,,,,,,,,,,,,,,,w,,,,,,,,,,,,,,,,,,,,,,,,,,,,,,,,,,,,,,,,,,,
,,,w,w,w,w,w,w,w,w,w,w,w,w,w,w,w,w,w,w,w,w,w,w,w,w,w,w,w,w,w,w,w,w,w,w,w,w,w,w,w,w,w,w,w,w,w,w,w,w,w,w,w,w,w,w,,,,,,,,,,,,,,,,,,,,,,,,,,,,,,,,,,,,,,,,,,,
